Category,Merchant Name,Address,City
Casinos,LA TERESA INACAP LA GRANJA,AMÉRICO VESPUCIO 315,La Granja
Casinos,CASINO-FACULTAD DE CIENCIAS AGRONÓMICAS,SANTA ROSA 11315,La Pintana
Casinos,CASTANO E-AUSM,RICARDO MORALES 3369 CAMPUS EL LLANO UA,San Miguel
Casinos,LA TERESA MORALES -1,RICARDO MORALES 3369 LOCAL 3,San Miguel
Casinos,LA TERESA AUTONOMA L1 EXTERIOR,RICARDO MORALES 3369 1 CAFETERIA EXTERIOR PRIMER PISO,San Miguel
Casinos,LA TERESA AUTONOMA L2,RICARDO MORALES 3369 2 CAFETERIA INTERIOR,San Miguel
Casinos,UA EL LLANO,RAMON SUBERCASEAUX 1404 PISO -1,San Miguel
Casinos,SUBWAY SAN JOAQUIN,VICUÑA MACKENNA 4927 LOCAL 1B Y 2A,San Joaquin
Casinos,ALDEA VEGETAL,VICUÑA MACKENNA 4917 MODULO 1 INTERIOR DUOC,San Joaquin
Casinos,SERVICIOS BI-GOURMET 8,VICUNA MACKENNA 4917,San Joaquin
Casinos,CASTANO E-DUSJ,VICUÑA MACKENA 4917 INTERIOR DUOC,San Joaquin
Casinos,CARRO LA TERESA DUOC,VICUÑA MACKENNA 4917,San Joaquin
Casinos,LE PACHE,VICUÑA MACKENNA 4860,San Joaquin
Casinos,SUBWAY UNIVERSIDAD CATOLICA,VICUÑA MACKENNA 4860 ED. LAS PATAGUAS 1ER NIVEL,Macul
Casinos,FOOD TRUCK PUC SAN JOAQUIN,VICUÑA MACKENNA 4860,Macul
Casinos,CASTAÑO CAMPUS SAN JOAQUIN 3,VICUÑA MACKENNA 4860,Macul
Minimarket,XS MARKET AMERICO VESPUCIO 2,AMERICO VESPUCIO 33 LOCAL 301,La Cisterna
Minimarket,MAXIK INTERMODAL LA CISTERNA 1,AMERICO VESPUCIO 33 LOCAL 124 S1,La Cisterna
Minimarket,XS MARKET LA CISTERNA,JOSE MIGUEL CARRERA 8870 EX 9312 MODULO 1 SALIDA SUR,La Cisterna
Minimarket,XS MARKET LA CISTERNA ORIENTE,JOSE MIGUEL CARRERA 8870 EX 9312 MODULO 1 ORIENTE,La Cisterna
Minimarket,MAXIK EL PARRON,GRAN AV. JOSE MIGUEL CARRERA 7958 7958 L 1,La Cisterna
Minimarket,XS MARKET,JOSE MIGUEL CARRERA 6559 LOCAL 1,La Cisterna
Minimarket,XS MARKET OVALLE 2,"CARVAJAL 94 LOCAL 1,2,3 - TERMINAL",La Cisterna
Minimarket,LA POLLITA,SAN LUIS 6422,La Cisterna
Minimarket,LUNNAS.CL,DICIOCHO 31,Santiago
Minimarket,DELICIAS ANGELICA,ANTONIO VARAS 1143,El Bosque
Minimarket,COLIBRI,GRAN AVENIDA 5553 LOCAL 31,San Miguel
Minimarket,DIPPER,CENTRAL CARDENAL RAÚL SILVA HENRIQUEZ 7233,Lo Espejo
Minimarket,MARÍA EUGENIA,CLAUDIO ARRAU 345,El Bosque
Minimarket,COMERCIALIZADORA EMILIA CÁRDENAS E.I.R.L.,SANTIAGO ERICKSEN 13 13,Chile Chico
Minimarket,ALMACEN LOS GIRASOLES,LOS GIRASOLES 719,La Granja
Minimarket,CARLOS ALCIDES ESPINOZA HENRIQUEZ,PASAJE HIGUERITAS 994,La Granja
Minimarket,DUMMBO DONUST,AMERICO VESPUCIO 1501,Cerrillos
Minimarket,CANDY SUGAR,AMERICO VESPUCIO 1501 LOCAL D229,Cerrillos
Minimarket,CASTAÑO POES,AMERICO VESPUCIO 1501 MALL PLAZA OESTE,Cerrillos
Minimarket,EMPORIO DULCE VIDA,CURINANCA 878,San Miguel
Minimarket,EMPORIO LA MOCHA,LOS CASTAÑOS 3482,San Miguel
Minimarket,MAXIK PORTAL EL LLANO 2,EL LLANO SUBERCASEAUX 3519 LOCAL 1038,San Miguel
Minimarket,ALMACEN ALBERTO ENRIQUE CID MONTERO,RAMON SUBERCASEAUX 1236,San Miguel
Minimarket,BAZAR EL LLANO,RAMON SUBERCASEAUX 1420,San Miguel
Minimarket,58 MARKET VICUÑA MACKENA,VICUÑA MACKENNA 6690 LOCAL 10,La Florida
Minimarket,JUANA HUENUN CHEUQUIAN,BARTOLOMÉ DÍAZ 563,San Bernardo
Minimarket,UC SJ PATAGUA,VICUÑA MACKENNA 4860 PATAGUA,Macul
Minimarket,UC SJ EX-VETERINARIA,VICUÑA MACKENNA 4860 EX-VETERINARIA,Macul
Patio de comida,KAMI LA CISTERNA,GRAN AVENIDA 8637,La Cisterna
Patio de comida,SUBWAY LA CISTERNA,"JOSE MIGUEL CARRERA 8826 LOCAL 4,5,6",La Cisterna
Patio de comida,SUBWAY LA CISTERNA LINEA 2,"JOSE MIGUEL CARRERA 8826 LOCAL 26 METRO LA CISTERNA, NIVEL BOLETERÍA",La Cisterna
Patio de comida,JUAN MAESTRO - INTERMODAL,AMERICO VESPUCIO 33 LOCAL 9,La Cisterna
Patio de comida,SAVORY INTERMODAL,AMERICO VESPUCIO 33 LOCAL 13,La Cisterna
Patio de comida,DOGGIS INTERMODAL LA CISTERNA,AMERICO VESPUCIO 33 LOCAL 7A Y 7,La Cisterna
Patio de comida,BUFFALO WAFFLES INTERMODAL LA CISTERNA,AMERICO VESPUCIO 33,La Cisterna
Patio de comida,MAXIK INTERMODAL LA CISTERNA 3,AMERICO VESPUCIO 33 L 302 S3,La Cisterna
Patio de comida,TARRAGONA INTERMODAL,AMERICO VESPUCIO 33 LOCAL 8,La Cisterna
Patio de comida,KFC INTERMODAL LA CISTERNA,AMERICO VESPUCIO 33 LOC 6 PISO 1,La Cisterna
Patio de comida,MAXIK LA CISTERNA 2,JOSE MIGUEL CARRERA 8912 LOCAL 2,La Cisterna
Patio de comida,PIZZA PIZZA GRAN AVENIDA 8159,GRAN AVENIDA 8159,La Cisterna
Patio de comida,KFC GRAN AVENIDA,JOSE MIGUEL CARRERA 7409 LOCAL 7404,La Cisterna
Patio de comida,SUBWAY OSSA,AV OSSA 1400 LOCAL 2 B,San Miguel
Patio de comida,KFC ARAUCO EL BOSQUE,JOSE MIGUEL CARRERA 10375 LOCAL 2070B,El Bosque
Patio de comida,DUNKIN ARAUCO EL BOSQUE,JOSE MIGUEL CARRERA 10375 LOCAL 2070 A,El Bosque
Patio de comida,TARRAGONA EL BOSQUE,JOSE MIGUEL CARRERA 10375 LOCAL 2040,El Bosque
Patio de comida,SAVORY EL BOSQUE,JOSE MIGUEL CARRERA 10375 LOCAL 2025,El Bosque
Patio de comida,"PEDRO, JUAN & DIEGO EL BOSQUE",JOSE MIGUEL CARRERA 10375 LOCAL 2060,El Bosque
Patio de comida,DOGGIS TOTTUS EL BOSQUE,GRAN AVENIDA JOSE MIGUEL CARRERA 10375 LOC:2050,El Bosque
Patio de comida,BUFFALO WAFFLES ESPACIO URBANO GRAN AVENIDA,JOSE MIGUEL CARRERA 6150 MODULO 16 PISO 1,San Miguel
Patio de comida,SUBWAY GRAN AVENIDA,GRAN AVENIDA JOSÉ MIGUEL CARRERA 6150 LOCAL 1240,San Miguel
Patio de comida,MAMUT GRAN AVENIDA,JOSE MIGUEL CARRERA 6150 LOCAL 32,San Miguel
Patio de comida,JUAN MAESTRO ESPACIO URBANO,GRAN AVENIDA JOSE MIGUEL CARRERA 6150 1048 MALL ESPACIO URBANO GRAN AVENIDA,San Miguel
Patio de comida,TARRAGONA LIDER GRAN AVENIDA,GRAN AVENIDA JOSE MIGUEL CARRERA 6150 LOCAL 35,San Miguel
Patio de comida,SAVORY LIDER SAN MIGUEL,GRAN AVENIDA JOSE MIGUEL CARRERA 6150 LOCAL 36,San Miguel
Patio de comida,DUNKIN' DONUTS GRAN AVENIDA,GRAN AVENIDA 6150 LOCAL 1068,San Miguel
Patio de comida,BUFALO BEEF - GRAN AVENIDA,JOSE MIGUEL CARRERA 6150 LOCAL 33,San Miguel
Patio de comida,DOGGIS GRAN AVENIDA,JOSE MIGUEL CARRERA 6150 LOCAL 32,San Miguel
Patio de comida,STARBUCKS SAN MIGUEL,JOSE MIGUEL CARRERA 6150 LOCAL 1176-1800,San Miguel
Patio de comida,DOMINOS PIZZA GRAN AVENIDA,GRAN AVENIDA J.M. CARRERA 5919 LOCAL 2,San Miguel
Patio de comida,PIZZA PIZZA GRAN AVENIDA 5598,GRAN AVENIDA 5598,San Miguel
Patio de comida,TACO BELL GRAN AVENIDA,GRAN AVENIDA JOSE MIGUEL CARRERA 5553 LOCAL 7-8-9,San Miguel
Patio de comida,HAPPY DAY WAFFLES GRAN AVENIDA,GRAN AVENIDA JOSE MIGUEL CARRERA 5553 LOCAL 25 SAN MIGUEL,San Miguel
Patio de comida,LATINA PIZZA LO ESPEJO,CENTRAL CARDENAL RAUL SILVA HENRIQUEZ 7456 EX 6756 LOCAL B,Lo Espejo
Patio de comida,KAMI PAC,CLUB HIPICO 5424,Pedro Aguirre Cerda
Patio de comida,LATIN PIZZA LA GRANJA,JOAQUIN EDWARD BELLO 10488,La Granja
Patio de comida,DOGGIS LIDER CERRILLOS,AMERICO VESPUCIO 2700 LOCAL 6,Cerrillos
Patio de comida,KAMI SAN MIGUEL,GRAN AVENIDA 4399,San Miguel
Patio de comida,KAMI LA GRANJA,CARDENAL RAUL SILVA HENRIQUEZ 10002,La Granja
Patio de comida,LATIN PIZZA EL BOSQUE,PADRE HURTADO 13180,El Bosque
Patio de comida,WENDY´S MALL PLAZA OESTE,AMÉRICO VESPUCIO 1501 LOCALES B326-B330,Cerrillos
Patio de comida,SAVORY CERRILOS,AMERICO VESPUCIO 1501 LOCAL A-285,Cerrillos
Patio de comida,PARADISO PLAZA OESTE,AMERICO VESPUCIO 1501,Cerrillos
Patio de comida,RENDIBU CERRILLOS,AMERICO VESPUCIO 1501,Cerrillos
Patio de comida,SUBWAY CERRILLOS,AMERICO VESPUCIO 1501 LOCAL T204,Cerrillos
Patio de comida,FRUGURT PLAZA OESTE,AMERICO VESPUCIO 1501 LOCAL A-205 AL INTERIOR DEL MALL PLAZA OESTE,Cerrillos
Patio de comida,BUFALO BEEF CERRILOS,AMERICO VESPUCIO 1501 LOCAL B 318-B 322,Cerrillos
Patio de comida,BURGER KING PLAZA OESTE FC,AMERICO VESPUCIO 1501 LOCAL B-313,Cerrillos
Patio de comida,DUNKIN' DONUTS PLAZA OESTE 2,AMERICO VESPUCIO 1501 LOCAL MP-144,Cerrillos
Patio de comida,TARRAGONA PLAZA OESTE 2,AMERICO VESPUCIO 1501 LOCAL B-366,Cerrillos
Patio de comida,STARBUCKS MALL PLAZA OESTE,"AMERICO VESPUCIO 1501 LOCAL BA204, MALL PLAZA OESTE",Cerrillos
Patio de comida,CHINA WOK PLAZA OESTE,AMERICO VESPUCIO 1501 LOCAL B 310,Cerrillos
Patio de comida,JUAN MAESTRO PLAZA OESTE,AMERICO VESPUCIO 1501 LOCAL B 337,Cerrillos
Patio de comida,DOMINO BOULEVARD MALL PLAZA OESTE,AMERICO VESPUCIO 1501 LOCAL T-206,Cerrillos
Patio de comida,DOMINO PLAZA OESTE,AMERICO VESPUCIO 1501 LOCAL B-301 B-305,Cerrillos
Patio de comida,KFC MALL PLAZA OESTE,AMERICO VESPUCIO 1501 LOCAL B 329,Cerrillos
Patio de comida,SAVORY PARIS PLAZA OESTE 3,AMERICO VESPUCIO 1501 LOCAL A 361,Cerrillos
Patio de comida,BUFFET EXPRESS PLAZA OESTE,AMERICO VESPUCIO 1501 LOCAL B318-B322,Cerrillos
Patio de comida,DOGGIS PLAZA OESTE,AMERICO VESPUCIO 1501 LOCAL B-337,Cerrillos
Patio de comida,DUNKIN' DONUTS PLAZA OESTE,AMERICO VESPUCIO 1501 LOCAL C-265,Cerrillos
Patio de comida,MAMUT PLAZA OESTE,AMERICO VESPUCIO 1501 B-137 Y B-141,Cerrillos
Patio de comida,PIZZA HUT - PLAZA OESTE,AMERICO VESPUCIO 1501 LOCAL B-317/B-321,Cerrillos
Patio de comida,TOMMY BEANS PLAZA OESTE,AMERICO VESPUCIO 1501 LOCAL B-309,Cerrillos
Patio de comida,SOCIEDAD COMERCIAL TARRAGONA S.A,GRAN AVENIDA JOSE MIGUEL CARRERA 3625,San Miguel
Patio de comida,KAMI SAN JOAQUIN,AVENIDA DEPARTAMENTAL 36,San Joaquin
Patio de comida,DUNKIN - SWEET ZONE PLAZA OESTE,AMERCIO VESPUCIO 1501 LOCAL MP292-MP296,Cerrillos
Patio de comida,SUBWAY MALL PLAZA OESTE,AMERICO VESPUCIO 1501 LOCAL L-2A,Cerrillos
Patio de comida,DOMINO EL LLANO,LLANO SUBERCASEAUX 3519 PORTAL EL LLANO LOCAL A,San Miguel
Patio de comida,BURGER KING EL LLANO,EL LLANO SUBERCASEAUX 3519 LOCAL 2321,San Miguel
Patio de comida,KFC SAN MIGUEL,EL LLANO SUBERCASEAUX 3519 A LOCAL 2319,San Miguel
Patio de comida,SAVORY JUMBO EL LLANO,EL LLANO SUBERCASEAUX 3519 LOC 1096,San Miguel
Patio de comida,DUNKIN JUMBO EL LLANO,EL LLANO SUBERCASEUX 3519 A- LOCAL 2026,San Miguel
Patio de comida,BUFFALO WAFFLES MALL PLAZA SUR,PRESIDENTE ALESSANDRI 20040 LOCAL MP 126,San Bernardo
Patio de comida,DOGGIS LA FLORIDA,VICUÑA MACKENNA 6100 LOCAL 3523,La Florida
Patio de comida,BUFALO BEEF FLORIDA CENTER,VICUÑA MACKENNA 6100 LOCAL 3519,La Florida
Patio de comida,DUNKIN´ FLORIDA CENTER,VICUÑA MACKENNA 6100 LOCAL 3103 CENCO FLORIDA,La Florida
Patio de comida,SUSHI BLUES LA FLORIDA,VICUÑA MACKENNA 6100 LOCAL 3511,La Florida
Patio de comida,FLORIDA CENTER 4,VICUÑA MACKENNA 6100 LOCAL 6352,La Florida
Patio de comida,FLORIDA CENTER 2,VICUÑA MACKENNA 6100 DEPTO M6320,La Florida
Patio de comida,FLORIDA CENTER,VICUNA MACKENNA 6100 LOCAL 112,La Florida
Patio de comida,TARRAGONA FLORIDA CENTER,VICUÑA MACKENNA 6100 LOCAL 3512,La Florida
Patio de comida,SAVORY FLORIDA CENTER 1,VICUÑA MACKENNA 6100 LOCAL 3536,La Florida
Patio de comida,SAVORY FLORIDA CENTER 2,VICUÑA MACKENNA 6100 LOCAL 1608,La Florida
Patio de comida,DOMINO FLORIDA CENTER,VICUÑA MACKENNA 6100 LOCAL 3516,La Florida
Patio de comida,KFC MALL FLORIDA CENTER,VICUÑA MACKENNA 6100 LOCAL 3525,La Florida
Patio de comida,DUNKIN' DONUTS FLORIDA CENTER,VICUÑA MACKENNA 6100 LOCAL 114,La Florida
Patio de comida,PIZZA HUT - FLORIDA CENTER,VICUÑA MACKENNA 6100 LOCAL 3529,La Florida
Patio de comida,JUAN MAESTRO FLORIDA CENTER,VICUÑA MACKENNA 6100 LOCAL 3503,La Florida
Patio de comida,MAMUT FLORIDA CENTER,VICUÑA MACKENNA 6100 LOCAL 1007,La Florida
Patio de comida,BURGER KING FLORIDA CENTER FC,VICUÑA MACKENNA 6100 LOCAL 3504,La Florida
Patio de comida,BUFFET EXPRESS FLORIDA CENTER,VICUÑA MACKENNA 6100 LOCAL 3517,La Florida
Patio de comida,TOMMY BEANS FLORIDA CENTER,VICUÑA MACKENNA 6100 LOCAL 3513,La Florida
Patio de comida,PIZZA PIZZA SALOMON SACK 11,SALOMON SACK 11,Cerrillos
Patio de comida,K117 KFC SAN JOAQUIN,VICUNA MACKENNA 4927 LOCALES 4-11-12-13,San Joaquin
Patio de comida,PARADISO VICUÑA MACKENNA,VICUÑA MACKENNA 4917,San Joaquin
Patio de comida,STARBUCKS FLORIDA CENTER,VICUÑA MACKENNA 6100 LOCAL 2095,La Florida
Patio de comida,WENDY´S FLORIDA CENTER,VICUÑA MACKENNA OTE 6100 LOCAL 3519,La Florida
Patio de comida,METRO EL LLANO,ESTACION METRO EL LLANO 0 L -2 DEPTO MODUL,San Miguel
Patio de comida,CASTAÑO CAMPUS SAN JOAQUIN MODULO,VICUÑA MACKENNA 4860 (MODULO),Macul
Patio de comida,STARBUCKS COFFEE VICUÑA MACKENNA 4785,VICUÑA MACKENNA 4785 LOCAL 02,San Joaquin
Puntos verdes,ESTACION NATURAL,MARIA ISABEL 8078,La Cisterna
Puntos verdes,TODOBARATOTC SAN MIGUEL - SOLO COMPRA ONLINE,SAN MIGUEL S/N 0,San Miguel
Puntos verdes,DONDE LEITO,LAZO 1910,Pedro Aguirre Cerda
Restaurantes,BELYSUSHI,GRAN AVENIDA 8702 LOCAL A,La Cisterna
Restaurantes,MARA GLOTONES,LAS BRISAS 91,La Cisterna
Restaurantes,SAN CAMILO 47,AMERICO VESPUCIO 75 LOCALES 2 - 3,La Cisterna
Restaurantes,INVERSIONES BUENA VISTA SPA,AV. AMÉRICO VESPUCIO 33,La Cisterna
Restaurantes,SAN CAMILO 48,AMERICO VESPUCIO 33 LOCAL 218,La Cisterna
Restaurantes,SAN CAMILO 45,AMERICO VESPUCIO 33 LOCAL 122,La Cisterna
Restaurantes,SUSHI CATA,CIENCIAS 8758,La Cisterna
Restaurantes,REY DEL GOHAN,DOS ORIENTE 8516,La Cisterna
Restaurantes,EL RANCHITO,INES RIVAS 259,La Cisterna
Restaurantes,BUENA PINTA 21,GRAN AVENIDA JOSE MIGUEL CARRERA 7942,La Cisterna
Restaurantes,SABOR X2,GRAN AVENIDA JOSE MIGUEL CARRERA 7957,La Cisterna
Restaurantes,MOROS GOURMET,EL PARRON 248,La Cisterna
Restaurantes,SHAWARMAS MOROS,PAULINA 7658,La Cisterna
Restaurantes,AL PASO SUSHI POO,GOYCOLEA 1073 01073,La Cisterna
Restaurantes,SUSHI POO,GOYCOLEA 1045,La Cisterna
Restaurantes,INVERSIONES DZ SPA,AMERICO VESPUCIO 1400 LOCAL 4B,Ñuñoa
Restaurantes,JOSÉ LUIS PAREDES SOTO,DOMINGO GOMEZ ROJAS 871,El Bosque
Restaurantes,DATE CON TODO BURGUER GRILL,GRAN AVENIDA JOSE MIGUEL CARRERA 6798 18-C,La Cisterna
Restaurantes,KAMI SUSHI,GRAN AVENIDA 9950,El Bosque
Restaurantes,VICTOR HUGO BRIONES,AV LA BANDERA 9139,San Ramon
Restaurantes,ARAMARK LO OVALLE 192,LO OVALLE 192,San Miguel
Restaurantes,SOCIEDAD BARBARO?S SPA,ZAPIGA 1739,Lo Espejo
Restaurantes,POR LA FRUTA,JOSE MIGUEL CARRERA 6150 LOCAL 10,San Miguel
Restaurantes,BLESSING WAFFLES,OCTAVA AVENIDA 1118,San Miguel
Restaurantes,KAMI SUSHI SAN RAMON,SANTA ROSA 7917,San Ramon
Restaurantes,IZI SUSHI,PADRE HURTADO 10587,El Bosque
Restaurantes,SAN CAMILO 41,SANTA ROSA 8914 LOCAL 1-2,La Granja
Restaurantes,SIMBAL MARKET II SPA,DIECIOCHO 37,Santiago
Restaurantes,KAMIKAZE SUSHI,CUARTA TRANSVERSAL 5983 A,San Miguel
Restaurantes,DISTRIBUIDORA ADELIA,AV PADRE HURTADO 11503 B,El Bosque
Restaurantes,BLESSING WAFFLES & COFFEE,GRAN AVENIDA 5655 GRAN AVENIDA,San Miguel
Restaurantes,KAMI LO ESPEJO,CENTRAL 6578,Lo Espejo
Restaurantes,SUSHITUMARE SAN MIGUEL,GRAN AVENIDA JOSE MIGUEL CARRERA 5553 LOCAL 23,San Miguel
Restaurantes,99,GABRIELA MISTRAL 9160,Lo Espejo
Restaurantes,SULTAN,CLAUDIO ARRAU 586,El Bosque
Restaurantes,COMIDA AL PASO,PASAJE MAYOR 8905,La Granja
Restaurantes,COSTEPIZZA,AVENIDA PADRE HURTADO 11997,El Bosque
Restaurantes,MINIMARKET PELAO BENO SPA,MONJA ALFEREZ 5233,San Miguel
Restaurantes,SUBWAY JOSE MIGUEL CARRERA,JOSE MIGUEL CARRERA 5018,San Miguel
Restaurantes,EL EXQUISITO,MANUEL RODRIGUEZ 1 CON PASAJE EL SAUCE,La Granja
Restaurantes,SOHOSUSHI,SAN NICOLAS 1123 SAN NICOLAS,San Miguel
Restaurantes,KIOTO SUSHI,GRAN AVENIDA 4945,San Miguel
Restaurantes,LA VEGUITA,GRAN AVENIDA JOSE MIGUEL CARRERA 4929,San Miguel
Restaurantes,PARCERO ROLLS,JOSE SANTOS GONZALEZ VARA 565,La Granja
Restaurantes,SUJEHY TAMARA MAZA CASTRO,AV CLOTARIO BLEST 5728,Pedro Aguirre Cerda
Restaurantes,SUSHICLUB,SEBASTOPOL ENTRE TAHITI Y CALIPSO 295,San Joaquin
Restaurantes,EL GRAN KIKIRIKI (KRK. KIKISIMO),GRAN AVENIDA JOSE MIGUEL CARRERA 4813,San Miguel
Restaurantes,CAFÉ AQUELARRE,GRAN AVENIDA JOSE MIGUEL CARRERA 4813 LOCAL 1,San Miguel
Restaurantes,LA ESQUINA DEL SABOR,GRAN AVENIDA 4724,San Miguel
Restaurantes,PRESTO POLLO,GRAN AVENIDA JOSE MIGUEL CARRERA 4441,San Miguel
Restaurantes,TAZ BURGER,GRAN AVENIDA 4301,San Miguel
Restaurantes,FLOPPA SPA,CLUB HÍPICO LOCAL 12 A 4676,Pedro Aguirre Cerda
Restaurantes,KAISHI SUSHI,AVENIDA CORONEL 8644,La Granja
Restaurantes,CASINO VIVE RUPAYAN,LAS AZALEAS 812,La Granja
Restaurantes,MINIMARKET LOS TOTITOS,ALEJANDRO SCARLATTI 4981,Pedro Aguirre Cerda
Restaurantes,PATRICIO ESTEBAN LEAL JORQUERA,PASAJE HIGUERITAS 975,La Granja
Restaurantes,CRISTOPHER ALEX ARRIAGADA CORTEZ,NUREMBERG 494,San Joaquin
Restaurantes,SABOR X2,GRAN AVENIDA JOSE MIGUEL CARRERA 4251,San Miguel
Restaurantes,MIGUEL ANGEL CORREA CACÉRES,JOAQUÍN DEL PINO 340 340,Santiago
Restaurantes,EMILIO ANDRÉS ARIAS GALLARDO,ALCALDE PEDRO ALARCÓN 550,Santiago
Restaurantes,BOBIBOBI MALL PLAZA OESTE,AMERICO VESPUCIO 1501 LOCAL MP-157 AM157 1Y2,Cerrillos
Restaurantes,STARBUCKS COFFEE CERRILLOS,AMERICO VESPUCIO 1501 LOCAL BS-228,Cerrillos
Restaurantes,COMERCIALIZADORA Y DISTRIBUIDORA EBENEZER SPA,AV. CENTRAL 4426,Pedro Aguirre Cerda
Restaurantes,SOHO SUSHI,PUERTO EDEN 1521,San Miguel
Restaurantes,BANQUETERIA,ANGOL 81 ANGOL,San Joaquin
Restaurantes,COFFEEPASS,REY ALBERTO 3799,San Miguel
Restaurantes,L Y F,AMERICO VESPUCIO 1501,Cerrillos
Restaurantes,KAMI EL BOSQUE,AVENIDA PADRE HURTADO 13280,El Bosque
Restaurantes,KUTAMII,AV SALVADOR ALLENDE 299,San Joaquin
Restaurantes,ALEJANDRA OSNELA GONZALEZ FUENTES,RAQUEL VEREDA NORTE A 20 MTS,San Joaquin
Restaurantes,BANQUETERIA Y EVENTOS DE LA ROCA,EL LLANO SUBERCASEAUX 3629,San Miguel
Restaurantes,EL BAJON DEL JOTA,MARIANO AZUELA 12434,La Pintana
Restaurantes,R & R,MARIA AUXILIADORA 841,San Miguel
Restaurantes,KATHERINNE ADRIANA UMANA LIZONDO,COMERCIO 372 COMERCIO,San Joaquin
Restaurantes,BURGERY,RICARDO MORALES 3365,San Miguel
Restaurantes,BURGER WON,AMERICO VESPUCIO 1501,Cerrillos
Restaurantes,HOT SNACKS,AMERICO VESPUCIO 1501 LOCAL MF1063 AM 1063,Cerrillos
Restaurantes,SAN CAMILO 85,"PADRE HURTADO 13310 LT A4, LOCAL N 7",San Bernardo
Restaurantes,SAN CAMILO EL LLANO,EL LLANO SUBERCASEAUX 3519 A,San Miguel
Restaurantes,STARBUCKS EL LLANO,EL LLANO SUBERCASEAUX 3519 A LOCAL 1102,San Miguel
Restaurantes,ALTOKEPE,RAMON SUBERCASEAUX 1350,San Miguel
Restaurantes,DOMINO VESPUCIO,VICUÑA MACKENNA 6100 LOCAL 1017 1ER NIVEL,La Florida
Restaurantes,NUEVA PAZ LIMITADA,VICUÑA MACKENNA 6100 LOCAL 3532,La Florida
Restaurantes,LA DULCERIA PASTELERIA CASERA,RAMON SUBERCASEAUX 1377,San Miguel
Restaurantes,SUSANA MARIA GALLEGUILLOS OLIVA,RICARDO MORALES 0 ESQUINA SOTO AGUILAR,San Miguel
Restaurantes,JOPO ROLLS,RICARDO MORALES 3315,San Miguel
Restaurantes,SABOR DE CASA,SUBERCASEAUX 2797,San Ramon
Restaurantes,RESTORANT ESENCIA,VICUÑA MACKENNA PONIENTE 6843 LOCAL 5 TORRE A,La Florida
Restaurantes,KATTA MARKET,EL PASO EL ROBLE 20 LOCAL 7,La Florida
Restaurantes,BUFFALO WAFFLES SAN JOAQUIN,VICUÑA MACKENNA 4927,San Joaquin
Restaurantes,S Y M GROUP SPA,PADRE MARIANO PUGA 488,San Joaquin
Restaurantes,MI- SUSHI,PORTO ALEGRE 12901 POBLACION SAN RICARDO,La Pintana
Restaurantes,ACHOCLONADO DUOC SAN JOAQUIN,VICUNA MACKENNA 4917,San Joaquin
Restaurantes,SAN CAMILO 49,VICUÑA MACKENNA 165 MODULO 5,La Florida
Restaurantes,MACARENA VICTORIA FELISA PAVEZ TELLO,STA RAQUEL CASA ESQUINA DR SOTERO DEL RÍO 9178,La Florida
Restaurantes,NATEI,JOSE JOAQUIN VALLEJOS 1221,San Miguel
Restaurantes,BUFFALO WAFFLES,AVENIDA VICUÑA MACKENNA 7110 BR 120,La Florida
Restaurantes,ACHOCLONADO PUC,VICUNA MACKENNA 4860,Macul
Restaurantes,ARRETX,VICUÑA MACKENA 4860,Macul
Restaurantes,ROCKNROLLA CASINO ECONOMÌA,VICUÑA MACKENNA 4860 INTERIOR,Macul
Restaurantes,TOMMY SANDWICHERIA,BALDOMERO LILLO 1565,La Pintana
Supermercados,LIDER EXPRESS LA CISTERNA,GRAN AVENIDA JOSE MIGUEL CARRERA 8540,La Cisterna
Supermercados,OK MARKET METRO LA CISTERNA,GRAN AVENIDA JOSE MIGUEL CARRERA 8870 LC 11 Y 12 (LOCALES UNIDOS),La Cisterna
Supermercados,SANTA ISABEL OSSA INTERMODAL,OSSA 36 INTERMODAL,La Cisterna
Supermercados,ERBI 9013,GRAN AVENIDA JOSE MIGUEL CARRERA 8101,La Cisterna
Supermercados,S10 GRAN AVENIDA LA CISTERNA,GRAN AVENIDA JOSE MIGUEL CARRERA 9150,La Cisterna
Supermercados,UNIMARC AV PERU,PERU 719,Santiago
Supermercados,LIDER LOS MORROS,RIQUELME 69 69,El Bosque
Supermercados,SANTA ISABEL GRAN AVENIDA,GRAN AVENIDA 9863 PARADERO 29 1/2,El Bosque
Supermercados,SANTA ISABEL J. MIGUEL CARRERA 6610,JOSE MIGUEL CARRERA 6610,La Cisterna
Supermercados,UNIMARC LO OVALLE,GRAN AVENIDA JOSE MIGUEL CARRERA 6555,La Cisterna
Supermercados,OXXO CENTENARIO,CENTENARIO LOTE 1 LOCAL 1 Y 2 INTERIOR METRO BIO BIO LOCAL 6,San Miguel
Supermercados,LIDER GRAN AVENIDA,GRAN AVENIDA 6150,San Miguel
Supermercados,LIDER EXPRESS OVALLE,LO OVALLE 1395,San Miguel
Supermercados,SANTA ISABEL STA ROSA 7668,SANTA ROSA 7668,La Granja
Supermercados,S10 GRAN AVENIDA,GRAN AVENIDA 6060,San Miguel
Supermercados,S10 SANTA ROSA,SANTA ROSA 7592,La Granja
Supermercados,LIDER SANTA ROSA,SANTA ROSA 9233,San Ramon
Supermercados,LIDER ACUENTA BA LO OVALLE,LO OVALLE 2356 (02356),Lo Espejo
Supermercados,ALVI VESPUCIO,SANTA ROSA 9267,San Ramon
Supermercados,UNIMARC GRAN AVENIDA 1- SAN MIGUEL,GRAN AVENIDA JOSE MIGUEL CARRERA 5485,San Miguel
Supermercados,SANTA ISABEL JOSE JOAQUIN PRIETO,JOSE JOAQUIN PRIETO 5531 OCHAGAVIA,Pedro Aguirre Cerda
Supermercados,ALVI DEPARTAMENTAL,SANTA ROSA 5780,San Joaquin
Supermercados,OXXO TRISTAN MATTA,GRAN AVENIDA JOSE MIGUEL CARRERA 5311,San Miguel
Supermercados,OXXO LLICO,JOSÉ MIGUEL CARRERA 5234 LOCAL 1-A,San Miguel
Supermercados,UNIMARC SAN JOAQUIN,SANTA ROSA 5320,San Joaquin
Supermercados,MAYORISTA S.JOAQUIN,LLICO 456,San Joaquin
Supermercados,LIDER ACUENTA EL BOSQUE (LOS MARTINES),LO MARTINES 919,El Bosque
Supermercados,SANTA ISABEL LOS PENSAMIENTOS,LOS PENSAMIENTOS 10260,La Granja
Supermercados,LIDER OESTE,AMERICO VESPUCIO 2500,Cerrillos
Supermercados,LIDER EXPRESS AV. CENTRAL,CENTRAL 5960,Pedro Aguirre Cerda
Supermercados,ERBI CLUB HIPICO,CLUB HIPICO 4676,Pedro Aguirre Cerda
Supermercados,ERBI 9030,GRAN AVENIDA JOSE MIGUEL CARRERA 4293,San Miguel
Supermercados,ALVI EL BOSQUE,GRAN AVENIDA JOSÉ MIGUEL CARRERA 13059,El Bosque
Supermercados,LIDER EXPRESS GRAN AVENIDA,GRAN AVENIDA 4004,San Miguel
Supermercados,ALVI EL BOSQUE,JOSÉ MIGUEL CARRERA 13125 A,El Bosque
Supermercados,UNIMARC EL BOSQUE,JOSÉ MIGUEL CARRERA 13125,El Bosque
Supermercados,OXXO METRO HOSPITAL EL PINO,PADRE HURTADO 13310 LOCAL 2,San Bernardo
Supermercados,"LIDER SANTIAGO (SAN BERNARDO, LO BLANCO)",OCHAGAVIA 13115,San Bernardo
Supermercados,JUMBO EL LLANO,EL LLANO SUBERCASEAUX 3519,San Miguel
Supermercados,SPID JUMBO EL LLANO,LLANO SUBERCASEAUX 3519,San Miguel
Supermercados,JUMBO LA FLORIDA,VICUÑA MACKENNA 6100,La Florida
Supermercados,UNIMARC EL MIRADOR,VICUÑA MACKENNA 6331,La Florida
Supermercados,OXXO MIRADOR AZUL,VICUÑA MACKENNA ORIENTE 6197 LOCAL 1,La Florida
